,accuracy,precision,recall,f1 score
0,0.92832,0.9512051238833642,0.90296,0.9264548961667898
