,accuracy,precision,recall,f1 score
0,0.81696,0.7862509934253306,0.8706,0.8262784252685927
