,accuracy,precision,recall,f1 score
0,0.92358,0.9143158965530733,0.93476,0.9244249292905319
