,accuracy,precision,recall,f1 score
0,0.94228,0.9440562248995984,0.94028,0.9421643286573146
